[
  {
      "text": "A spoon that is too big.",
      "level": 0
  }, {
      "text": "Pusheen",
      "level": 0
  }, {
      "text": "Goats",
      "level": 0
  }, {
      "text": "Tears of manly pain",
      "level": 0
  }, {
      "text": "North Korea's Twitter Account",
      "level": 0
  }, {
      "text": "Matching with Mom on Tinder.",
      "level": 0
  }, {
      "text": "Hodor!",
      "level": 0
  }, {
      "text": "Someone broke the build.",
      "level": 0
  }, {
      "text": "Winning At a Hackathon",
      "level": 0
  },
  {
      "text": "Man meat.",
      "level": 0
  }, {
      "text": "Autocannibalism.",
      "level": 0
  }, {
      "text": "Vigorous jazz hands.",
      "level": 0
  }, {
      "text": "Flightless birds.",
      "level": 0
  }, {
      "text": "Doing the right thing.",
      "level": 0
  }, {
      "text": "The violation of our most basic human rights.",
      "level": 0
  }, {
      "text": "Self-loathing.",
      "level": 0
  }, {
      "text": "Spectacular abs.",
      "level": 0
  }, {
      "text": "A balanced breakfast.",
      "level": 0
  }, {
      "text": "Amputees.",
      "level": 0
  }, {
      "text": "The Big Bang.",
      "level": 0
  }, {
      "text": "Former President George W. Bush.",
      "level": 0
  }, {
      "text": "The Rev. Dr. Martin Luther King, Jr.",
      "level": 0
  }, {
      "text": "Being marginalized.",
      "level": 0
  }, {
      "text": "Cuddling.",
      "level": 0
  }, {
      "text": "Laying an egg.",
      "level": 0
  }, {
      "text": "The Pope.",
      "level": 0
  }, {
      "text": "Horse meat.",
      "level": 0
  }, {
      "text": "Fear itself.",
      "level": 0
  }, {
      "text": "Science.",
      "level": 0
  }, {
      "text": "Praying the gay away.",
      "level": 1
  }, {
      "text": "Same-sex ice dancing.",
      "level": 0
  }, {
      "text": "Cheating in the Special Olympics.",
      "level": 0
  }, {
      "text": "Making a pouty face.",
      "level": 0
  }, {
      "text": "William Shatner.",
      "level": 0
  },  {
      "text": "Nickelback.",
      "level": 0
  }, {
      "text": "Tom Cruise.",
      "level": 0
  }, {
      "text": "Chainsaws for hands.",
      "level": 0
  }, {
      "text": "Arnold Schwarzenegger.",
      "level": 0
  }, {
      "text": "Goblins.",
      "level": 0
  }, {
      "text": "Dying.",
      "level": 0
  }, {
      "text": "A falcon with a cap on its head.",
      "level": 0
  }, {
      "text": "Dying of dysentery.",
      "level": 0
  }, {
      "text": "Sexy pillow fights.",
      "level": 0
  }, {
      "text": "A really cool hat.",
      "level": 0
  }, {
      "text": "Sean Penn.",
      "level": 0
  }, {
      "text": "Heartwarming orphans.",
      "level": 0
  }, {
      "text": "The Three-Fifths compromise.",
      "level": 0
  }, {
      "text": "Men.",
      "level": 0
  }, {
      "text": "Raptor attacks.",
      "level": 0
  }, {
      "text": "Agriculture.",
      "level": 0
  }, {
      "text": "Vikings.",
      "level": 0
  }, {
      "text": "Pretending to care.",
      "level": 0
  }, {
      "text": "The Underground Railroad.",
      "level": 0
  }, {
      "text": "My humps.",
      "level": 0
  }, {
      "text": "Being a dick to children.",
      "level": 0
  }, {
      "text": "Geese.",
      "level": 0
  }, {
      "text": "Bling.",
      "level": 0
  }, {
      "text": "Sniffing glue.",
      "level": 0
  }, {
      "text": "The South.",
      "level": 0
  }, {
      "text": "An Oedipus complex.",
      "level": 0
  }, {
      "text": "YOU MUST CONSTRUCT ADDITIONAL PYLONS.",
      "level": 0
  }, {
      "text": "Mutually-assured destruction.",
      "level": 0
  }, {
      "text": "Sunshine and rainbows.",
      "level": 0
  }, {
      "text": "Count Chocula.",
      "level": 0
  }, {
      "text": "Sharing needles.",
      "level": 0
  }, {
      "text": "Being rich.",
      "level": 0
  }, {
      "text": "Skeletor.",
      "level": 0
  }, {
      "text": "A sausage festival.",
      "level": 0
  }, {
      "text": "Emotions.",
      "level": 0
  }, {
      "text": "Farting and walking away.",
      "level": 0
  },  {
      "text": "Spontaneous human combustion.",
      "level": 0
  }, {
      "text": "Yeast.",
      "level": 0
  }, {
      "text": "Leaving an awkward voicemail.",
      "level": 0
  }, {
      "text": "Dick Cheney.",
      "level": 0
  }, {
      "text": "White people.",
      "level": 0
  }, {
      "text": "Teaching a robot to love.",
      "level": 0
  }, {
      "text": "Scrubbing under the folds.",
      "level": 0
  }, {
      "text": "Catapults.",
      "level": 0
  }, {
      "text": "Natural selection.",
      "level": 0
  }, {
      "text": "Opposable thumbs.",
      "level": 0
  }, {
      "text": "Figgy pudding.",
      "level": 0
  }, {
      "text": "Gandhi.",
      "level": 0
  }, {
      "text": "Preteens.",
      "level": 0
  }, {
      "text": "Five-Dollar Footlongs&trade;.",
      "level": 0
  }, {
      "text": "Land mines.",
      "level": 0
  }, {
      "text": "A sea of troubles.",
      "level": 0
  }, {
      "text": "A zesty breakfast burrito.",
      "level": 0
  }, {
      "text": "Christopher Walken.",
      "level": 0
  }, {
      "text": "Friction.",
      "level": 0
  }, {
      "text": "Balls.",
      "level": 0
  }, {
      "text": "Dental dams.",
      "level": 0
  }, {
      "text": "A can of whoop-ass.",
      "level": 0
  }, {
      "text": "A tiny horse.",
      "level": 0
  }, {
      "text": "Waiting 'til marriage.",
      "level": 0
  }, {
      "text": "Authentic Mexican cuisine.",
      "level": 0
  }, {
      "text": "Genghis Khan.",
      "level": 0
  }, {
      "text": "Old-people smell.",
      "level": 0
  }, {
      "text": "A thermonuclear detonation.",
      "level": 0
  }, {
      "text": "Take-backsies.",
      "level": 0
  }, {
      "text": "Sweet, sweet vengeance.",
      "level": 0
  }, {
      "text": "RoboCop.",
      "level": 0
  }, {
      "text": "Keanu Reeves.",
      "level": 0
  }, {
      "text": "Drinking alone.",
      "level": 0
  }, {
      "text": "Giving 110%.",
      "level": 0
  }, {
      "text": "Flesh-eating bacteria.",
      "level": 0
  }, {
      "text": "The American Dream.",
      "level": 0
  }, {
      "text": "Taking off your shirt.",
      "level": 0
  }, {
      "text": "A murder most foul.",
      "level": 0
  }, {
      "text": "The inevitable heat death of the universe.",
      "level": 0
  }, {
      "text": "The folly of man.",
      "level": 0
  }, {
      "text": "That thing that electrocutes your abs.",
      "level": 0
  }, {
      "text": "Cards Against Humanity.",
      "level": 0
  }, {
      "text": "Fiery poops.",
      "level": 0
  }, {
      "text": "Poor people.",
      "level": 0
  }, {
      "text": "Edible underpants.",
      "level": 0
  }, {
      "text": "Britney Spears at 55.",
      "level": 0
  }, {
      "text": "All-you-can-eat shrimp for $4.99.",
      "level": 0
  }, {
      "text": "Fancy Feast&reg;.",
      "level": 0
  }, {
      "text": "Being a motherfucking sorcerer.",
      "level": 0
  }, {
      "text": "Passive-agression.",
      "level": 0
  }, {
      "text": "Ronald Reagan.",
      "level": 0
  }, {
      "text": "Hulk Hogan.",
      "level": 0
  }, {
      "text": "Daddy issues.",
      "level": 0
  }, {
      "text": "Natalie Portman.",
      "level": 0
  }, {
      "text": "Sean Connery.",
      "level": 0
  }, {
      "text": "Saxophone solos.",
      "level": 0
  }, {
      "text": "The World of Warcraft.",
      "level": 0
  }, {
      "text": "Darth Vader.",
      "level": 0
  }, {
      "text": "Eating the last known bison.",
      "level": 0
  }, {
      "text": "Guys who don't call.",
      "level": 0
  }, {
      "text": "Hot Pockets&reg;.",
      "level": 0
  }, {
      "text": "A time travel paradox.",
      "level": 0
  }, {
      "text": "The milk man.",
      "level": 0
  }, {
      "text": "Dropping a chandelier on your enemies and riding the rope up.",
      "level": 0
  }, {
      "text": "World peace.",
      "level": 0
  }, {
      "text": "Licking things to claim them as your own.",
      "level": 0
  }, {
      "text": "The heart of a child.",
      "level": 0
  }, {
      "text": "Robert Downey, Jr.",
      "level": 0
  }, {
      "text": "Lockjaw.",
      "level": 0
  }, {
      "text": "A good sniff.",
      "level": 0
  }, {
      "text": "Friendly fire.",
      "level": 0
  }, {
      "text": "Wearing underwear inside-out to avoid doing laundry.",
      "level": 0
  }, {
      "text": "Hurricane Katrina.",
      "level": 0
  }, {
      "text": "Free samples.",
      "level": 0
  }, {
      "text": "A foul mouth.",
      "level": 0
  }, {
      "text": "The glass ceiling.",
      "level": 0
  }, {
      "text": "Republicans.",
      "level": 0
  }, {
      "text": "Explosions.",
      "level": 0
  }, {
      "text": "Michelle Obama's arms.",
      "level": 0
  }, {
      "text": "Getting really high.",
      "level": 0
  }, {
      "text": "Attitude.",
      "level": 0
  }, {
      "text": "Sarah Palin.",
      "level": 0
  }, {
      "text": "My soul.",
      "level": 0
  }, {
      "text": "Pabst Blue Ribbon.",
      "level": 0
  }, {
      "text": "Domino's&trade; Oreo&trade; Dessert Pizza.",
      "level": 0
  }, {
      "text": "Half-assed foreplay.",
      "level": 0
  }, {
      "text": "A middle-aged man on roller skates.",
      "level": 0
  }, {
      "text": "Bitches.",
      "level": 0
  }, {
      "text": "Bill Nye the Science Guy.",
      "level": 0
  }, {
      "text": "Italians.",
      "level": 0
  }, {
      "text": "Adderall&trade;.",
      "level": 0
  }, {
      "text": "Crippling debt.",
      "level": 0
  }, {
      "text": "Prancing.",
      "level": 0
  }, {
      "text": "A brain tumor.",
      "level": 0
  }, {
      "text": "Leprosy.",
      "level": 0
  }, {
      "text": "Puppies!",
      "level": 0
  }, {
      "text": "Bees?",
      "level": 0
  }, {
      "text": "Frolicking.",
      "level": 0
  }, {
      "text": "A bag of magic beans.",
      "level": 0
  }, {
      "text": "Public ridicule.",
      "level": 0
  }, {
      "text": "A mime having a stroke.",
      "level": 0
  }, {
      "text": "Stephen Hawking talking dirty.",
      "level": 0
  }, {
      "text": "African children.",
      "level": 0
  }, {
      "text": "Mouth herpes.",
      "level": 0
  }, {
      "text": "Overcompensation.",
      "level": 0
  }, {
      "text": "Riding off into the sunset.",
      "level": 0
  }, {
      "text": "Being on fire.",
      "level": 0
  }, {
      "text": "Tangled Slinkys.",
      "level": 0
  }, {
      "text": "Civilian casualties.",
      "level": 0
  }, {
      "text": "Being fabulous.",
      "level": 0
  }, {
      "text": "Shaquille O'Neal's acting career.",
      "level": 0
  }, {
      "text": "My relationship status.",
      "level": 0
  }, {
      "text": "Alcoholism.",
      "level": 0
  }, {
      "text": "Grave robbing.",
      "level": 0
  }, {
      "text": "Hope.",
      "level": 0
  }, {
      "text": "8 oz. of sweet Mexican black-tar heroin.",
      "level": 0
  }, {
      "text": "Kids with ass cancer.",
      "level": 0
  }, {
      "text": "Winking at old people.",
      "level": 0
  }, {
      "text": "Justin Bieber.",
      "level": 0
  }, {
      "text": "A lifetime of sadness.",
      "level": 0
  }, {
      "text": "The Hamburglar.",
      "level": 0
  }, {
      "text": "Swooping.",
      "level": 0
  }, {
      "text": "Classist undertones.",
      "level": 0
  }, {
      "text": "New Age music.",
      "level": 0
  }, {
      "text": "Not giving a shit about the Third World.",
      "level": 0
  }, {
      "text": "The Kool-Aid Man.",
      "level": 0
  }, {
      "text": "A hot mess.",
      "level": 0
  }, {
      "text": "Lumberjack fantasies.",
      "level": 0
  }, {
      "text": "Scientology.",
      "level": 0
  }, {
      "text": "GoGurt&reg;.",
      "level": 0
  }, {
      "text": "Judge Judy.",
      "level": 0
  }, {
      "text": "Police brutality.",
      "level": 0
  }, {
      "text": "Oompa-Loompas.",
      "level": 0
  }, {
      "text": "A fetus.",
      "level": 0
  }, {
      "text": "Obesity.",
      "level": 0
  }, {
      "text": "Hot people.",
      "level": 0
  }, {
      "text": "BATMAN!!!",
      "level": 0
  }, {
      "text": "A gassy antelope.",
      "level": 0
  }, {
      "text": "Third base.",
      "level": 0
  }, {
      "text": "Racially-biased SAT questions.",
      "level": 0
  }, {
      "text": "A Super Soaker&trade; full of cat pee.",
      "level": 0
  },  {
      "text": "A disappointing birthday party.",
      "level": 0
  }, {
      "text": "White privilege.",
      "level": 0
  }, {
      "text": "Barack Obama.",
      "level": 0
  }, {
      "text": "Nazis.",
      "level": 0
  }, {
      "text": "A robust mongoloid.",
      "level": 0
  }, {
      "text": "An M. Night Shyamalan plot twist.",
      "level": 0
  }, {
      "text": "Getting drunk on mouthwash.",
      "level": 0
  }, {
      "text": "Lunchables&trade;.",
      "level": 0
  }, {
      "text": "Women in yogurt commercials.",
      "level": 0
  }, {
      "text": "John Wilkes Booth.",
      "level": 0
  }, {
      "text": "Mr. Clean, right behind you.",
      "level": 0
  }, {
      "text": "Multiple stab wounds.",
      "level": 0
  }, {
      "text": "Cybernetic enhancements.",
      "level": 0
  }, {
      "text": "Serfdom.",
      "level": 0
  }, {
      "text": "Kanye West.",
      "level": 0
  }, {
      "text": "Women's suffrage.",
      "level": 0
  }, {
      "text": "The Dance of the Sugar Plum Fairy.",
      "level": 0
  }, {
      "text": "Parting the Red Sea.",
      "level": 0
  }, {
      "text": "The Amish.",
      "level": 0
  }, {
      "text": "Child beauty pageants.",
      "level": 0
  }, {
      "text": "AXE Body Spray.",
      "level": 0
  }, {
      "text": "Centaurs.",
      "level": 0
  }, {
      "text": "Grandma.",
      "level": 0
  }, {
      "text": "Famine.",
      "level": 0
  }, {
      "text": "The miracle of childbirth.",
      "level": 0
  }, {
      "text": "Finger painting.",
      "level": 0
  }, {
      "text": "A monkey smoking a cigar.",
      "level": 0
  }, {
      "text": "The Make-A-Wish&reg; Foundation.",
      "level": 0
  }, {
      "text": "The Force.",
      "level": 0
  }, {
      "text": "Kamikaze pilots.",
      "level": 0
  }, {
      "text": "Dry heaving.",
      "level": 0
  }, {
      "text": "Active listening.",
      "level": 0
  }, {
      "text": "Ghosts.",
      "level": 0
  }, {
      "text": "The Hustle.",
      "level": 0
  }, {
      "text": "Another goddamn vampire movie.",
      "level": 0
  }, {
      "text": "Shapeshifters.",
      "level": 0
  }, {
      "text": "The Care Bear Stare.",
      "level": 0
  }, {
      "text": "Hot cheese.",
      "level": 0
  }, {
      "text": "A mopey zoo lion.",
      "level": 0
  }, {
      "text": "A Bop It&trade;.",
      "level": 0
  }, {
      "text": "Expecting a burp and vomiting on the floor.",
      "level": 0
  }, {
      "text": "Horrifying laser hair removal accidents.",
      "level": 0
  }, {
      "text": "Boogers.",
      "level": 0
  }, {
      "text": "Unfathomable stupidity.",
      "level": 0
  }, {
      "text": "Breaking out into song and dance.",
      "level": 0
  }, {
      "text": "Soup that is too hot.",
      "level": 0
  }, {
      "text": "Morgan Freeman's voice.",
      "level": 0
  }, {
      "text": "Getting naked and watching Nickelodeon.",
      "level": 0
  }, {
      "text": "MechaHitler.",
      "level": 0
  }, {
      "text": "The true meaning of Christmas.",
      "level": 0
  }, {
      "text": "My inner demons.",
      "level": 0
  }, {
      "text": "Actually taking candy from a baby.",
      "level": 0
  }, {
      "text": "Crystal meth.",
      "level": 0
  }, {
      "text": "Exactly what you'd expect.",
      "level": 0
  }, {
      "text": "Passive-aggressive Post-it notes.",
      "level": 0
  }, {
      "text": "Inappropriate yodeling.",
      "level": 0
  }, {
      "text": "Lady Gaga.",
      "level": 0
  }, {
      "text": "The Little Engine That Could.",
      "level": 0
  }, {
      "text": "Vigilante justice.",
      "level": 0
  }, {
      "text": "A death ray.",
      "level": 0
  }, {
      "text": "Poor life choices.",
      "level": 0
  }, {
      "text": "Nicolas Cage.",
      "level": 0
  }, {
      "text": "Switching to Geico&reg;.",
      "level": 0
  }, {
      "text": "The chronic.",
      "level": 0
  }, {
      "text": "Home video of Oprah sobbing into a Lean Cuisine&reg;.",
      "level": 0
  }, {
      "text": "A bucket of fish heads.",
      "level": 0
  }, {
      "text": "Hospice care.",
      "level": 0
  }, {
      "text": "Getting married, having a few kids, buying some stuff, retiring to Florida, and dying.",
      "level": 0
  }, {
      "text": "A subscription to Men's Fitness.",
      "level": 0
  }, {
      "text": "A micropig wearing a tiny raincoat and booties.",
      "level": 0
  }, {
      "text": "Some god-damn peace and quiet.",
      "level": 0
  }, {
      "text": "A tribe of warrior women.",
      "level": 0
  }, {
      "text": "The penny whistle solo from \"My Heart Will Go On.\"",
      "level": 0
  }, {
      "text": "An oversized lollipop.",
      "level": 0
  }, {
      "text": "Helplessly giggling at the mention of Hutus and Tutsis.",
      "level": 0
  }, {
      "text": "Not wearing pants.",
      "level": 0
  }, {
      "text": "Her Majesty, Queen Elizabeth II.",
      "level": 0
  }, {
      "text": "Funky fresh rhymes.",
      "level": 0
  }, {
      "text": "The art of seduction.",
      "level": 0
  }, {
      "text": "The Devil himself.",
      "level": 0
  }, {
      "text": "Advice from a wise, old black man.",
      "level": 0
  }, {
      "text": "Destroying the evidence.",
      "level": 0
  }, {
      "text": "The light of a billion suns.",
      "level": 0
  }, {
      "text": "Synergistic management solutions.",
      "level": 0
  }, {
      "text": "Growing a pair.",
      "level": 0
  }, {
      "text": "Silence.",
      "level": 0
  }, {
      "text": "Poopy diapers.",
      "level": 0
  }, {
      "text": "A live studio audience.",
      "level": 0
  }, {
      "text": "The Great Depression.",
      "level": 0
  }, {
      "text": "A spastic nerd.",
      "level": 0
  }, {
      "text": "Rush Limbaugh's soft, shitty body.",
      "level": 0
  }, {
      "text": "Tickling Sean Hannity, even after he tells you to stop.",
      "level": 0
  }, {
      "text": "Stalin.",
      "level": 0
  }, {
      "text": "Rehab.",
      "level": 0
  }, {
      "text": "Battlefield amputations.",
      "level": 0
  }, {
      "text": "An uppercut.",
      "level": 0
  }, {
      "text": "Shiny objects.",
      "level": 0
  }, {
      "text": "A bitch slap.",
      "level": 0
  }, {
      "text": "One trillion dollars.",
      "level": 0
  }, {
      "text": "The entire Mormon Tabernacle Choir.",
      "level": 0
  }, {
      "text": "Extremely tight pants.",
      "level": 0
  }, {
      "text": "The Boy Scouts of America.",
      "level": 0
  }, {
      "text": "Stormtroopers.",
      "level": 0
  }, {
      "text": "Throwing a virgin into a volcano.",
      "level": 0
  },
  {
    "text": "Coat hanger abortions.",
    "level": 4
}, {
    "text": "Pictures of boobs.",
    "level": 1
}, {
    "text": "Viagra&reg;.",
    "level": 1
}, {
    "text": "Roofies.",
    "level": 1
}, {
    "text": "Concealing a boner.",
    "level": 1
}, {
    "text": "Smegma.",
    "level": 4
}, {
    "text": "Genital piercings.",
    "level": 3
}, {
    "text": "Fingering.",
    "level": 3
}, {
    "text": "A bleached asshole.",
    "level": 3
}, {
    "text": "Elderly Japanese men.",
    "level": 1
}, {
    "text": "Stranger danger.",
    "level": 1
}, {
    "text": "The terrorists.",
    "level": 1
}, {
    "text": "Ethnic cleansing.",
    "level": 2
}, {
    "text": "German dungeon porn.",
    "level": 2
}, {
    "text": "The profoundly handicapped.",
    "level": 1
}, {
    "text": "The placenta.",
    "level": 1
}, {
    "text": "An icepick lobotomy.",
    "level": 1
}, {
    "text": "Foreskin.",
    "level": 2
}, {
    "text": "Hormone injections.",
    "level": 1
}, {
    "text": "The invisible hand.",
    "level": 2
}, {
    "text": "The clitoris.",
    "level": 4
}, {
    "text": "A sad handjob.",
    "level": 4
}, {
    "text": "Historically black colleges.",
    "level": 1
}, {
    "text": "A micropenis.",
    "level": 4
}, {
    "text": "Eating all of the cookies before the AIDS bake-sale.",
    "level": 1
}, {
    "text": "Sexting.",
    "level": 1
}, {
    "text": "Michael Jackson.",
    "level": 1
}, {
    "text": "Necrophilia.",
    "level": 4
}, {
    "text": "Penis envy.",
    "level": 3
}, {
    "text": "Sperm whales.",
    "level": 2
}, {
    "text": "Panda sex.",
    "level": 3
}, {
    "text": "Whipping it out.",
    "level": 3
}, {
    "text": "Masturbation.",
    "level": 4
}, {
    "text": "A sassy black woman.",
    "level": 1
}, {
    "text": "AIDS.",
    "level": 4
}, {
    "text": "The KKK.",
    "level": 4
}, {
    "text": "Seppuku.",
    "level": 2
}, {
    "text": "Toni Morrison's vagina.",
    "level": 4
}, {
    "text": "Feeding Rosie O'Donnell.",
    "level": 3
}, {
    "text": "Pixelated bukkake.",
    "level": 4
}, {
    "text": "Friends with benefits.",
    "level": 2
}, {
    "text": "The token minority.",
    "level": 3
}, {
    "text": "The Tempur-Pedic&reg; Swedish Sleep System&trade;.",
    "level": 3
}, {
    "text": "The Rapture.",
    "level": 3
}, {
    "text": "A cooler full of organs.",
    "level": 2
}, {
    "text": "Me time.",
    "level": 1
}, {
    "text": "Pooping back and forth. Forever.",
    "level": 1
}, {
    "text": "Jewish fraternities.",
    "level": 1
}, {
    "text": "Pulling out.",
    "level": 4
}, {
    "text": "Picking up girls at the abortion clinic.",
    "level": 4
}, {
    "text": "The homosexual agenda.",
    "level": 3
}, {
    "text": "The Holy Bible.",
    "level": 3
}, {
    "text": "Vehicular manslaughter.",
    "level": 1
}, {
    "text": "Nipple blades.",
    "level": 3
}, {
    "text": "Assless chaps.",
    "level": 3
}, {
    "text": "Full frontal nudity.",
    "level": 3
}, {
    "text": "The hardworking Mexican.",
    "level": 2
}, {
    "text": "Waking up half-naked in a Denny's parking lot.",
    "level": 1
}, {
    "text": "God.",
    "level": 1
}, {
    "text": "Gloryholes.",
    "level": 4
}, {
    "text": "Homeless people.",
    "level": 2
}, {
    "text": "Scalping.",
    "level": 1
}, {
    "text": "Testicular torsion.",
    "level": 2
}, {
    "text": "A salty surprise.",
    "level": 3
}, {
    "text": "Poorly-timed Holocaust jokes.",
    "level": 3
}, {
    "text": "Smallpox blankets.",
    "level": 2
}, {
    "text": "Eugenics.",
    "level": 3
}, {
    "text": "The taint; the grundle; the fleshy fun-bridge.",
    "level": 4
}, {
    "text": "Jerking off into a pool of children's tears.",
    "level": 4
}, {
    "text": "The &Uuml;bermensch.",
    "level": 1
}, {
    "text": "Altar boys.",
    "level": 2
}, {
    "text": "My sex life.",
    "level": 1
}, {
    "text": "Pedophiles.",
    "level": 4
}, {
    "text": "72 virgins.",
    "level": 3
}, {
    "text": "A snapping turtle biting the tip of your penis.",
    "level": 4
}, {
    "text": "The Blood of Christ.",
    "level": 3
}, {
    "text": "My collection of high-tech sex toys.",
    "level": 3
}, {
    "text": "A windmill full of corpses.",
    "level": 3
}, {
    "text": "A stray pube.",
    "level": 1
}, {
    "text": "Passing a kidney stone.",
    "level": 1
}, {
    "text": "Repression.",
    "level": 1
}, {
    "text": "Road head.",
    "level": 4
}, {
    "text": "An asymmetric boob job.",
    "level": 3
}, {
    "text": "Dead parents.",
    "level": 1
}, {
    "text": "A mating display.",
    "level": 3
}, {
    "text": "Auschwitz.",
    "level": 3
}, {
    "text": "My genitals.",
    "level": 4
}, {
    "text": "Not reciprocating oral sex.",
    "level": 4
}, {
    "text": "Lactation.",
    "level": 4
}, {
    "text": "Asians who aren't good at math.",
    "level": 2
}, {
    "text": "Incest.",
    "level": 3
}, {
    "text": "The Jews.",
    "level": 3
}, {
    "text": "Doin' it in the butt.",
    "level": 3
}, {
    "text": "Tentacle porn.",
    "level": 3
}, {
    "text": "The gays.",
    "level": 2
}, {
    "text": "Estrogen.",
    "level": 1
}, {
    "text": "Dick fingers.",
    "level": 3
}, {
    "text": "Racism.",
    "level": 1
}, {
    "text": "Surprise sex!",
    "level": 4
}, {
    "text": "Passable transvestites.",
    "level": 4
}, {
    "text": "The Virginia Tech Massacre.",
    "level": 3
}, {
    "text": "When you fart and a little bit comes out.",
    "level": 3
}, {
    "text": "Tasteful sideboob.",
    "level": 1
}, {
    "text": "Black people.",
    "level": 1
}, {
    "text": "Sexual tension.",
    "level": 3
}, {
    "text": "Porn stars.",
    "level": 3
}, {
    "text": "Puberty.",
    "level": 3
}, {
    "text": "An erection that lasts longer than four hours.",
    "level": 4
}, {
    "text": "Getting so angry that you pop a boner.",
    "level": 3
}, {
    "text": "Wifely duties.",
    "level": 2
}, {
    "text": "Two midgets shitting into a bucket.",
    "level": 3
}, {
    "text": "Queefing.",
    "level": 4
}, {
    "text": "Wiping her butt.",
    "level": 3
}, {
    "text": "Golden showers.",
    "level": 3
}, {
    "text": "Powerful thighs.",
    "level": 2
}, {
    "text": "Children on leashes.",
    "level": 2
}, {
    "text": "Harry Potter erotica.",
    "level": 3
}, {
    "text": "Lance Armstrong's missing testicle.",
    "level": 2
}, {
    "text": "Dead babies.",
    "level": 3
}, {
    "text": "Copping a feel.",
    "level": 2
}, {
    "text": "The Trail of Tears.",
    "level": 1
}, {
    "text": "Anal beads.",
    "level": 3
}, {
    "text": "Peeing a little bit.",
    "level": 1
}, {
    "text": "A defective condom.",
    "level": 1
}, {
    "text": "Teenage pregnancy.",
    "level": 1
}, {
    "text": "Flying sex snakes.",
    "level": 3
}, {
    "text": "Pac-Man uncontrollably guzzling cum.",
    "level": 4
}, {
    "text": "My vagina.",
    "level": 4
}, {
    "text": "A homoerotic volleyball montage.",
    "level": 3
}, {
    "text": "Natural male enhancement.",
    "level": 2
}, {
    "text": "A gentle caress of the inner thigh.",
    "level": 1
}, {
    "text": "Embryonic stem cells.",
    "level": 1
}, {
    "text": "Firing a rifle into the air while balls deep in a squealing hog.",
    "level": 4
}, {
    "text": "Erectile dysfunction.",
    "level": 1
}, {
    "text": "50,000 volts straight to the nipples.",
    "level": 1
}, {
    "text": "Being fat and stupid.",
    "level": 1
}, {
    "text": "A pyramid of severed heads.",
    "level": 1
}, {
    "text": "Crucifixion.",
    "level": 1
}, {
    "text": "Used panties.",
    "level": 2
}, {
    "text": "Consensual sex.",
    "level": 1
}, {
    "text": "Wet dreams.",
    "level": 2
}, {
    "text": "An M16 assault rifle.",
    "level": 1
}, {
    "text": "Brown people.",
    "level": 1
}, {
    "text": "Capturing Newt Gingrich and forcing him to dance in a monkey suit.",
    "level": 1
}, {
    "text": "An ugly face.",
    "level": 1
}, {
    "text": "Menstrual rage.",
    "level": 2
}, {
    "text": "Chunks of dead prostitute.",
    "level": 3
}, {
    "text": "The female orgasm.",
    "level": 3
}]
